"word","freq"
"malaria","malaria",1086
"cases","cases",276
"amp","amp",189
"drfriedencdc","drfriedencdc",127
"year","year",110
"cdcglobal","cdcglobal",107
"can","can",97
"kenya","kenya",85
"fight","fight",83
"high","high",74
"africa","africa",71
"highest","highest",70
"imported","imported",69
"years","years",68
"health","health",65
"people","people",63
"via","via",62
"httptcooqwxzirf","httptcooqwxzirf",61
"solar","solar",61
"nets","nets",60
"cdc","cdc",59
"travel","travel",59
"control","control",58
"travelers","travelers",57
"mosquito","mosquito",54
"http","http",52
"number","number",52
"since","since",52
"nearly","nearly",51
"now","now",51
"every","every",50
"prevent","prevent",50
"shows","shows",47
"progress","progress",46
"endmalaria","endmalaria",44
"usaidgh","usaidgh",44
"new","new",42
"residual","residual",42
"indoor","indoor",41
"report","report",41
"acquired","acquired",40
"end","end",40
"largest","largest",40
"power","power",40
"vector","vector",40
"global","global",39
"reduce","reduce",39
"spraying","spraying",39
"disease","disease",38
"rollbackmalaria","rollbackmalaria",38
"using","using",38
"countries","countries",37
"core","core",36
"insecticidal","insecticidal",36
"longlasting","longlasting",36
"malarianomore","malarianomore",36
"pmigov","pmigov",36
"measures","measures",35
"prevented","prevented",35
"two","two",35
"trap","trap",34
"httptco","httptco",33
"read","read",33
"dangerous","dangerous",32
"deaths","deaths",32
"instead","instead",32
"pesticide","pesticide",32
"sun","sun",32
"take","take",32
"western","western",32
"clever","clever",31
"httptcodkiq","httptcodkiq",31
"tech","tech",31
"areas","areas",30
"httptcobmgxbi","httptcobmgxbi",30
"india","india",30
"join","join",30
"just","just",30
"strombo","strombo",30
"child","child",29
"fighting","fighting",29
"malarianomo","malarianomo",29
"preventable","preventable",29
"undp","undp",29
"vigilance","vigilance",28
"aids","aids",27
"asia","asia",27
"dies","dies",27
"increasing","increasing",27
"minute","minute",27
"news","news",27
"states","states",27
"treatable","treatable",27
"unfoundation","unfoundation",27
"video","video",27
"country","country",26
"elimination","elimination",26
"meds","meds",26
"united","united",26
"hit","hit",25
"httptcoywxm","httptcoywxm",25
"linked","linked",25
"pmi","pmi",25
"usaid","usaid",25
"borders","borders",24
"cross","cross",24
"diseases","diseases",24
"malariaespecially","malariaespecially",24
"south","south",24
"zambia","zambia",24
"zimbabwe","zimbabwe",24
"nothingbutnets","nothingbutnets",23
"away","away",22
"critical","critical",22
"like","like",22
"hiv","hiv",21
"plane","plane",21
"protect","protect",21
"ride","ride",21
"almost","almost",20
"economic","economic",20
"make","make",20
"research","research",20
"httptcopn","httptcopn",19
"key","key",19
"realized","realized",19
"treatments","treatments",19
"worlds","worlds",19
"globalfund","globalfund",18
"help","help",18
"impact","impact",18
"future","future",17
"kills","kills",17
"answer","answer",16
"bed","bed",16
"drugs","drugs",16
"energy","energy",16
"httptcoauxfzk","httptcoauxfzk",16
"know","know",16
"bethegeneration","bethegeneration",15
"globalhealth","globalhealth",15
"million","million",15
"nytimes","nytimes",15
"poverty","poverty",15
"support","support",15
"treatment","treatment",15
"children","children",14
"heres","heres",14
"hunger","hunger",14
"initiative","initiative",14
"mosquitoes","mosquitoes",14
"rtss","rtss",14
"says","says",14
"social","social",14
"still","still",14
"top","top",14
"truly","truly",14
"twitter","twitter",14
"vaccine","vaccine",14
"alone","alone",13
"blog","blog",13
"defeat","defeat",13
"effective","effective",13
"facts","facts",13
"httptcojvjlmokn","httptcojvjlmokn",13
"lifesaving","lifesaving",13
"nov","nov",13
"overseas","overseas",13
"reach","reach",13
"risks","risks",13
"crucial","crucial",12
"ghana","ghana",12
"invest","invest",12
"occurs","occurs",12
"presidents","presidents",12
"thru","thru",12
"trips","trips",12
"use","use",12
"work","work",12
"americans","americans",11
"annually","annually",11
"contract","contract",11
"first","first",11
"follow","follow",11
"forgotten","forgotten",11
"happen","happen",11
"hes","hes",11
"httpt","httpt",11
"httptcolikqskoo","httptcolikqskoo",11
"impressive","impressive",11
"interventions","interventions",11
"issue","issue",11
"jeffdsachs","jeffdsachs",11
"killed","killed",11
"learn","learn",11
"male","male",11
"planglobal","planglobal",11
"prevention","prevention",11
"takes","takes",11
"tuberculo","tuberculo",11
"uptodate","uptodate",11
"vaccination","vaccination",11
"will","will",11
"access","access",10
"areacall","areacall",10
"back","back",10
"behavior","behavior",10
"change","change",10
"comedy","comedy",10
"development","development",10
"families","families",10
"gives","gives",10
"harvardhsph","harvardhsph",10
"httptcoiceobsqz","httptcoiceobsqz",10
"httptcoiqulrjxbk","httptcoiqulrjxbk",10
"httptcooxndojg","httptcooxndojg",10
"income","income",10
"lost","lost",10
"net","net",10
"reported","reported",10
"science","science",10
"sickest","sickest",10
"spend","spend",10
"thx","thx",10
"today","today",10
"alan","alan",9
"ancient","ancient",9
"antimalarial","antimalarial",9
"billgates","billgates",9
"cdcgov","cdcgov",9
"comm","comm",9
"cost","cost",9
"despite","despite",9
"drug","drug",9
"eritrea","eritrea",9
"gates","gates",9
"httptcoywxmuao","httptcoywxmuao",9
"immunization","immunization",9
"keeping","keeping",9
"life","life",9
"medicine","medicine",9
"mobilization","mobilization",9
"mosquitos","mosquitos",9
"past","past",9
"productivity","productivity",9
"programs","programs",9
"publichealth","publichealth",9
"sharing","sharing",9
"study","study",9
"uptake","uptake",9
"ago","ago",8
"alertnet","alertnet",8
"blocking","blocking",8
"camerún","camerún",8
"campaign","campaign",8
"community","community",8
"female","female",8
"get","get",8
"httptc","httptc",8
"httptcoooayskzs","httptcoooayskzs",8
"httptcootehewrhv","httptcootehewrhv",8
"incidence","incidence",8
"need","need",8
"pioneered","pioneered",8
"ppl","ppl",8
"trfoundation","trfoundation",8
"agency","agency",7
"bill","bill",7
"chain","chain",7
"committed","committed",7
"coverage","coverage",7
"double","double",7
"drawing","drawing",7
"due","due",7
"endgame","endgame",7
"fanampzapper","fanampzapper",7
"foe","foe",7
"gatesfoundation","gatesfoundation",7
"given","given",7
"gtbyear","gtbyear",7
"httptcooczniqwwe","httptcooczniqwwe",7
"human","human",7
"idea","idea",7
"ingredient","ingredient",7
"internet","internet",7
"joke","joke",7
"luring","luring",7
"mim","mim",7
"missed","missed",7
"mobile","mobile",7
"opps","opps",7
"present","present",7
"preventive","preventive",7
"provide","provide",7
"putting","putting",7
"rates","rates",7
"remains","remains",7
"restaurant","restaurant",7
"scent","scent",7
"school","school",7
"send","send",7
"transmission","transmission",7
"tropical","tropical",7
"turns","turns",7
"win","win",7
"abt","abt",6
"academy","academy",6
"affects","affects",6
"age","age",6
"aid","aid",6
"award","award",6
"bednets","bednets",6
"biology","biology",6
"biomedcentral","biomedcentral",6
"bond","bond",6
"cameroon","cameroon",6
"clothing","clothing",6
"complacency","complacency",6
"contact","contact",6
"cowman","cowman",6
"data","data",6
"day","day",6
"decrease","decrease",6
"devex","devex",6
"donated","donated",6
"engagement","engagement",6
"eod","eod",6
"expect","expect",6
"ghouls","ghouls",6
"goblins","goblins",6
"heal","heal",6
"httptcomlkgcer","httptcomlkgcer",6
"httptconcwpuebf","httptconcwpuebf",6
"httptcorbnosqfzy","httptcorbnosqfzy",6
"httptcoziabiqe","httptcoziabiqe",6
"indiegogo","indiegogo",6
"insight","insight",6
"jci","jci",6
"led","led",6
"london","london",6
"malarianomoreuk","malarianomoreuk",6
"malaysia","malaysia",6
"means","means",6
"mostly","mostly",6
"nothing","nothing",6
"polio","polio",6
"prof","prof",6
"protective","protective",6
"raised","raised",6
"repellent","repellent",6
"sciences","sciences",6
"sex","sex",6
"sick","sick",6
"soyab","soyab",6
"sucker","sucker",6
"tamale","tamale",6
"worldwide","worldwide",6
"yrs","yrs",6
"affected","affected",5
"anyone","anyone",5
"assistant","assistant",5
"bangladesh","bangladesh",5
"bracs","bracs",5
"cdtransform","cdtransform",5
"concussions","concussions",5
"conference","conference",5
"conquering","conquering",5
"crusade","crusade",5
"curb","curb",5
"days","days",5
"developed","developed",5
"districts","districts",5
"eggproduction","eggproduction",5
"features","features",5
"find","find",5
"goodhealth","goodhealth",5
"gsk","gsk",5
"httptcoethpgwflz","httptcoethpgwflz",5
"httptcoixjrwarp","httptcoixjrwarp",5
"httptcolxpewye","httptcolxpewye",5
"httptcoqhjtsawkxs","httptcoqhjtsawkxs",5
"httptcorhkuwsvpo","httptcorhkuwsvpo",5
"httptcorzrsojrr","httptcorzrsojrr",5
"httptcotijpnkdz","httptcotijpnkdz",5
"iom","iom",5
"itns","itns",5
"jobs","jobs",5
"last","last",5
"left","left",5
"level","level",5
"link","link",5
"liverpool","liverpool",5
"lives","lives",5
"malariahas","malariahas",5
"matched","matched",5
"may","may",5
"never","never",5
"one","one",5
"open","open",5
"pover","pover",5
"powerofone","powerofone",5
"protecting","protecting",5
"reached","reached",5
"reproduction","reproduction",5
"resistance","resistance",5
"rise","rise",5
"risk","risk",5
"sciam","sciam",5
"scientist","scientist",5
"spike","spike",5
"spread","spread",5
"stop","stop",5
"students","students",5
"uganda","uganda",5
"una","una",5
"unwebcast","unwebcast",5
"usaidprogre","usaidprogre",5
"warns","warns",5
"wehiresearch","wehiresearch",5
"act","act",4
"adjuvants","adjuvants",4
"afric","afric",4
"agnes","agnes",4
"allafrica","allafrica",4
"among","among",4
"año","año",4
"astho","astho",4
"bbbrieger","bbbrieger",4
"better","better",4
"bracworld","bracworld",4
"burden","burden",4
"cada","cada",4
"ceos","ceos",4
"develop","develop",4
"diagnostic","diagnostic",4
"drray","drray",4
"drsampyroy","drsampyroy",4
"easy","easy",4
"followers","followers",4
"heatstable","heatstable",4
"httptcoartkgvnz","httptcoartkgvnz",4
"httptcodwsppstf","httptcodwsppstf",4
"httptcoegebcvnmm","httptcoegebcvnmm",4
"httptcogtnnoff","httptcogtnnoff",4
"httptcokmankhbns","httptcokmankhbns",4
"httptcol","httptcol",4
"httptcoodxdmaknq","httptcoodxdmaknq",4
"httptcoofsceeqy","httptcoofsceeqy",4
"httptcopgfxcrwq","httptcopgfxcrwq",4
"httptcophzpxklkiz","httptcophzpxklkiz",4
"httptcopva","httptcopva",4
"httptcoqozahldzz","httptcoqozahldzz",4
"httptcospbexhlfr","httptcospbexhlfr",4
"httptcoxdvhgkehrt","httptcoxdvhgkehrt",4
"httptcozaxuuioac","httptcozaxuuioac",4
"implementation","implementation",4
"los","los",4
"mahathir","mahathir",4
"malariapoems","malariapoems",4
"management","management",4
"mata","mata",4
"medical","medical",4
"meet","meet",4
"months","months",4
"nandos","nandos",4
"national","national",4
"nurses","nurses",4
"nursing","nursing",4
"paludismo","paludismo",4
"paper","paper",4
"pathogenposse","pathogenposse",4
"persists","persists",4
"personas","personas",4
"phones","phones",4
"plosbiology","plosbiology",4
"post","post",4
"pregnant","pregnant",4
"preventing","preventing",4
"public","public",4
"push","push",4
"que","que",4
"register","register",4
"replenishment","replenishment",4
"researched","researched",4
"researcher","researcher",4
"save","save",4
"saved","saved",4
"stance","stance",4
"sustain","sustain",4
"tesfanews","tesfanews",4
"treated","treated",4
"tuberculosis","tuberculosis",4
"verge","verge",4
"whos","whos",4
"women","women",4
"won","won",4
"workers","workers",4
"africacdcglobal","africacdcglobal",3
"africairs","africairs",3
"atleast","atleast",3
"barrio","barrio",3
"barrios","barrios",3
"believe","believe",3
"call","call",3
"camp","camp",3
"capacity","capacity",3
"caught","caught",3
"cdctravel","cdctravel",3
"challenges","challenges",3
"check","check",3
"checklist","checklist",3
"combined","combined",3
"criticized","criticized",3
"ddt","ddt",3
"death","death",3
"diagnosed","diagnosed",3
"didyouknow","didyouknow",3
"education","education",3
"eggs","eggs",3
"empower","empower",3
"endma","endma",3
"este","este",3
"evidence","evidence",3
"fightingmalaria","fightingmalaria",3
"final","final",3
"foundation","foundation",3
"fundraisi","fundraisi",3
"gansgterdelacuadra","gansgterdelacuadra",3
"gebied","gebied",3
"goal","goal",3
"good","good",3
"government","government",3
"halloween","halloween",3
"healthyliving","healthyliving",3
"helping","helping",3
"highlights","highlights",3
"history","history",3
"hits","hits",3
"hope","hope",3
"htt","htt",3
"httptcoakrftpmz","httptcoakrftpmz",3
"httptcoasxcw","httptcoasxcw",3
"httptcodhsvguyup","httptcodhsvguyup",3
"httptcodtqdgrysl","httptcodtqdgrysl",3
"httptcogxfjacp","httptcogxfjacp",3
"httptcojcipzmiiht","httptcojcipzmiiht",3
"httptcojqwgwzws","httptcojqwgwzws",3
"httptcomege","httptcomege",3
"httptcoopbfxuokmt","httptcoopbfxuokmt",3
"httptcoqecarhyby","httptcoqecarhyby",3
"httptcorytxxfrs","httptcorytxxfrs",3
"httptcoubuvtzfx","httptcoubuvtzfx",3
"httptcouzgwaqkjdo","httptcouzgwaqkjdo",3
"httptcovk","httptcovk",3
"httptcoxjgryhp","httptcoxjgryhp",3
"httptcoycyowclvey","httptcoycyowclvey",3
"httptcozgxowqsv","httptcozgxowqsv",3
"images","images",3
"infected","infected",3
"information","information",3
"interesting","interesting",3
"killing","killing",3
"kostelijk","kostelijk",3
"least","least",3
"levels","levels",3
"likedrray","likedrray",3
"llins","llins",3
"lshtmmalaria","lshtmmalaria",3
"mas","mas",3
"mating","mating",3
"medsformalaria","medsformalaria",3
"mentioning","mentioning",3
"mercatornet","mercatornet",3
"merompelasbolasque","merompelasbolasque",3
"messages","messages",3
"minder","minder",3
"month","month",3
"mortality","mortality",3
"mozambique","mozambique",3
"much","much",3
"must","must",3
"nandosuk","nandosuk",3
"nestornongo","nestornongo",3
"next","next",3
"north","north",3
"otros","otros",3
"panafrican","panafrican",3
"para","para",3
"payday","payday",3
"peak","peak",3
"phase","phase",3
"photography","photography",3
"photos","photos",3
"pregnancy","pregnancy",3
"preventionamptreatment","preventionamptreatment",3
"program","program",3
"project","project",3
"rapid","rapid",3
"really","really",3
"red","red",3
"rehardcore","rehardcore",3
"reizen","reizen",3
"released","released",3
"rispecttudebarrio","rispecttudebarrio",3
"role","role",3
"rotary","rotary",3
"scientific","scientific",3
"socialmedia","socialmedia",3
"spray","spray",3
"strategy","strategy",3
"synthetic","synthetic",3
"technology","technology",3
"took","took",3
"travellers","travellers",3
"trial","trial",3
"usa","usa",3
"useful","useful",3
"vengan","vengan",3
"village","village",3
"week","week",3
"welcome","welcome",3
"well","well",3
"west","west",3
"wheres","wheres",3
"according","according",2
"achievements","achievements",2
"action","action",2
"advancements","advancements",2
"africas","africas",2
"agsciences","agsciences",2
"air","air",2
"airs","airs",2
"alastairmillen","alastairmillen",2
"alertnetclimate","alertnetclimate",2
"allcause","allcause",2
"america","america",2
"amplified","amplified",2
"ann","ann",2
"antimalarials","antimalarials",2
"anyexcuse","anyexcuse",2
"apha","apha",2
"aphaannualmtg","aphaannualmtg",2
"appetite","appetite",2
"arm","arm",2
"around","around",2
"artemisininbased","artemisininbased",2
"atlasreizen","atlasreizen",2
"available","available",2
"aware","aware",2
"backfire","backfire",2
"bad","bad",2
"balance","balance",2
"barackobamas","barackobamas",2
"begins","begins",2
"berenbaum","berenbaum",2
"bethegen","bethegen",2
"bil","bil",2
"biologys","biologys",2
"biting","biting",2
"blame","blame",2
"blockeddrray","blockeddrray",2
"boosted","boosted",2
"brought","brought",2
"bubblews","bubblews",2
"calls","calls",2
"cancer","cancer",2
"cant","cant",2
"capital","capital",2
"case","case",2
"casos","casos",2
"cause","cause",2
"caution","caution",2
"cdcmmwr","cdcmmwr",2
"chest","chest",2
"childmortality","childmortality",2
"chills","chills",2
"china","china",2
"cidrap","cidrap",2
"coma","coma",2
"complement","complement",2
"con","con",2
"congrats","congrats",2
"contributing","contributing",2
"costs","costs",2
"count","count",2
"currently","currently",2
"dalbergs","dalbergs",2
"dalbergtweet","dalbergtweet",2
"ddts","ddts",2
"decadesmostly","decadesmostly",2
"december","december",2
"dengue","dengue",2
"depends","depends",2
"diana","diana",2
"diariopanorama","diariopanorama",2
"die","die",2
"dinámica","dinámica",2
"distinta","distinta",2
"doctoral","doctoral",2
"domesticviolence","domesticviolence",2
"dont","dont",2
"ecosaludetvcol","ecosaludetvcol",2
"effectiveness","effectiveness",2
"egg","egg",2
"elaine","elaine",2
"eliminate","eliminate",2
"epidemic","epidemic",2
"epilepsyawareness","epilepsyawareness",2
"eradicate","eradicate",2
"eradicated","eradicated",2
"eritreas","eritreas",2
"espacial","espacial",2
"fact","fact",2
"fever","fever",2
"fevers","fevers",2
"fikrejesus","fikrejesus",2
"film","film",2
"flulike","flulike",2
"forward","forward",2
"fronteras","fronteras",2
"fund","fund",2
"funding","funding",2
"gampt","gampt",2
"greatest","greatest",2
"guided","guided",2
"gyae","gyae",2
"haiti","haiti",2
"halving","halving",2
"helps","helps",2
"highly","highly",2
"hivaids","hivaids",2
"honduras","honduras",2
"hoot","hoot",2
"hormone","hormone",2
"house","house",2
"household","household",2
"httpstcouafkyiu","httpstcouafkyiu",2
"httptcobdxtpobmi","httptcobdxtpobmi",2
"httptcobfqvonbyc","httptcobfqvonbyc",2
"httptcodypnqnx","httptcodypnqnx",2
"httptcoeyaacylale","httptcoeyaacylale",2
"httptcoeynzwqcci","httptcoeynzwqcci",2
"httptcogkynw","httptcogkynw",2
"httptcoifkvwra","httptcoifkvwra",2
"httptcojqvweset","httptcojqvweset",2
"httptcojvoaiomjgk","httptcojvoaiomjgk",2
"httptcokfqxshkuqz","httptcokfqxshkuqz",2
"httptcolkpeszwq","httptcolkpeszwq",2
"httptcolwcyjtcmm","httptcolwcyjtcmm",2
"httptcomlzqpclfg","httptcomlzqpclfg",2
"httptcomwxsopk","httptcomwxsopk",2
"httptconyzhzpiw","httptconyzhzpiw",2
"httptconzlikimz","httptconzlikimz",2
"httptcoplbgqosa","httptcoplbgqosa",2
"httptcoqdvivnpl","httptcoqdvivnpl",2
"httptcorpenyw","httptcorpenyw",2
"httptcoskiazwcf","httptcoskiazwcf",2
"httptcotxejaltg","httptcotxejaltg",2
"httptcoukwmktubc","httptcoukwmktubc",2
"httptcouokzpsf","httptcouokzpsf",2
"httptcousiuvxpp","httptcousiuvxpp",2
"httptcovonubywvz","httptcovonubywvz",2
"httptcovscypphkp","httptcovscypphkp",2
"httptcoyvorjpwij","httptcoyvorjpwij",2
"hundreds","hundreds",2
"identifican","identifican",2
"illness","illness",2
"immortalbat","immortalbat",2
"impinv","impinv",2
"implmentation","implmentation",2
"imprisoned","imprisoned",2
"improve","improve",2
"inaid","inaid",2
"increase","increase",2
"increased","increased",2
"info","info",2
"insecticidetreated","insecticidetreated",2
"interest","interest",2
"interested","interested",2
"intermittent","intermittent",2
"interview","interview",2
"investment","investment",2
"investments","investments",2
"jaar","jaar",2
"jangoc","jangoc",2
"kitepatch","kitepatch",2
"lab","lab",2
"land","land",2
"las","las",2
"launch","launch",2
"lengan","lengan",2
"lies","lies",2
"listening","listening",2
"lizszabo","lizszabo",2
"loss","loss",2
"lstmnews","lstmnews",2
"lyme","lyme",2
"lymedisease","lymedisease",2
"made","made",2
"magill","magill",2
"major","major",2
"malariafreeug","malariafreeug",2
"malarias","malarias",2
"markers","markers",2
"matters","matters",2
"mdgs","mdgs",2
"merah","merah",2
"method","method",2
"microbesinfect","microbesinfect",2
"millenium","millenium",2
"millionhealthworkers","millionhealthworkers",2
"millions","millions",2
"molecular","molecular",2
"nada","nada",2
"nbcnewshealth","nbcnewshealth",2
"needed","needed",2
"newsfeed","newsfeed",2
"ngrguardiannews","ngrguardiannews",2
"nicolasdemey","nicolasdemey",2
"nigelcoulson","nigelcoulson",2
"nigeria","nigeria",2
"nomalaria","nomalaria",2
"nueva","nueva",2
"opendata","opendata",2
"oxford","oxford",2
"paludisme","paludisme",2
"paraguay","paraguay",2
"parasites","parasites",2
"patients","patients",2
"peacefmonline","peacefmonline",2
"peligroso","peligroso",2
"pennstate","pennstate",2
"percent","percent",2
"pharmabr","pharmabr",2
"photo","photo",2
"piece","piece",2
"pin","pin",2
"plasmodium","plasmodium",2
"please","please",2
"plos","plos",2
"point","point",2
"princesskomuntale","princesskomuntale",2
"problem","problem",2
"produced","produced",2
"promises","promises",2
"prophylaxis","prophylaxis",2
"protects","protects",2
"quantumdx","quantumdx",2
"quickly","quickly",2
"quinine","quinine",2
"rapidampeffective","rapidampeffective",2
"reaches","reaches",2
"recently","recently",2
"reports","reports",2
"researchers","researchers",2
"result","result",2
"reutershealth","reutershealth",2
"rkabushenga","rkabushenga",2
"rnd","rnd",2
"saa","saa",2
"salud","salud",2
"saving","saving",2
"say","say",2
"scaling","scaling",2
"scary","scary",2
"scidevnet","scidevnet",2
"see","see",2
"seizures","seizures",2
"serious","serious",2
"sexually","sexually",2
"shychemist","shychemist",2
"sib","sib",2
"siloam","siloam",2
"six","six",2
"socialimpact","socialimpact",2
"socinn","socinn",2
"soften","soften",2
"solarpowered","solarpowered",2
"sonica","sonica",2
"speak","speak",2
"started","started",2
"strategic","strategic",2
"successes","successes",2
"surveillance","surveillance",2
"survived","survived",2
"taking","taking",2
"tar","tar",2
"test","test",2
"tests","tests",2
"thats","thats",2
"tho","tho",2
"thousands","thousands",2
"tiene","tiene",2
"time","time",2
"toolkit","toolkit",2
"tools","tools",2
"town","town",2
"transmitted","transmitted",2
"treat","treat",2
"treating","treating",2
"treats","treats",2
"triggers","triggers",2
"twp","twp",2
"ugandaupf","ugandaupf",2
"uncomplicated","uncomplicated",2
"unicefuganda","unicefuganda",2
"uninbrussels","uninbrussels",2
"unpublications","unpublications",2
"unricuk","unricuk",2
"untreated","untreated",2
"usually","usually",2
"vía","vía",2
"visited","visited",2
"vivax","vivax",2
"voa","voa",2
"vomiting","vomiting",2
"vulnerable","vulnerable",2
"warburton","warburton",2
"weeks","weeks",2
"weve","weve",2
"whyhttptcofeldzjbq","whyhttptcofeldzjbq",2
"winning","winning",2
"working","working",2
"worthwhile","worthwhile",2
"wwarn","wwarn",2
"yet","yet",2
"youthambassador","youthambassador",2
"yvonnechakax","yvonnechakax",2
"abces","abces",1
"ability","ability",1
"abroad","abroad",1
"absolutely","absolutely",1
"abtassociates","abtassociates",1
"abts","abts",1
"achieve","achieve",1
"achieved","achieved",1
"across","across",1
"actualizada","actualizada",1
"acuerdo","acuerdo",1
"acute","acute",1
"addict","addict",1
"admin","admin",1
"aew","aew",1
"affirme","affirme",1
"afp","afp",1
"african","african",1
"afwanzah","afwanzah",1
"aghhr","aghhr",1
"agree","agree",1
"ahead","ahead",1
"aider","aider",1
"akecassels","akecassels",1
"alcohol","alcohol",1
"allereerste","allereerste",1
"alliance","alliance",1
"along","along",1
"also","also",1
"alternative","alternative",1
"ambitious","ambitious",1
"american","american",1
"amit","amit",1
"ando","ando",1
"année","année",1
"announced","announced",1
"anntv","anntv",1
"anophèle","anophèle",1
"anti","anti",1
"antibiotics","antibiotics",1
"antibodymediated","antibodymediated",1
"anuncian","anuncian",1
"approach","approach",1
"approximately","approximately",1
"arent","arent",1
"army","army",1
"arrays","arrays",1
"arrest","arrest",1
"artemesinin","artemesinin",1
"article","article",1
"assay","assay",1
"assays","assays",1
"atrisk","atrisk",1
"attention","attention",1
"awful","awful",1
"balakahttptcoyiurxezaem","balakahttptcoyiurxezaem",1
"balancing","balancing",1
"ball","ball",1
"bangladeshindiamyanmar","bangladeshindiamyanmar",1
"bansallab","bansallab",1
"bar","bar",1
"based","based",1
"bat","bat",1
"bayercrops","bayercrops",1
"bbcrtoday","bbcrtoday",1
"bchatt","bchatt",1
"beadsdefining","beadsdefining",1
"become","become",1
"bees","bees",1
"behavioral","behavioral",1
"besos","besos",1
"bhasin","bhasin",1
"big","big",1
"birthday","birthday",1
"bitstrips","bitstrips",1
"blmfund","blmfund",1
"blocks","blocks",1
"blood","blood",1
"bloodtests","bloodtests",1
"bolno","bolno",1
"bonds","bonds",1
"border","border",1
"born","born",1
"briefing","briefing",1
"bringing","bringing",1
"bromothienodpyrimidinamine","bromothienodpyrimidinamine",1
"bug","bug",1
"buy","buy",1
"buyanet","buyanet",1
"calling","calling",1
"cambodia","cambodia",1
"cameroongovernment","cameroongovernment",1
"cameroun","cameroun",1
"camerun","camerun",1
"campaigns","campaigns",1
"canada","canada",1
"cape","cape",1
"capitán","capitán",1
"carmelilladelri","carmelilladelri",1
"causes","causes",1
"centre","centre",1
"chadcameroon","chadcameroon",1
"challenge","challenge",1
"chaque","chaque",1
"chiarajci","chiarajci",1
"chilling","chilling",1
"chrisdrakeley","chrisdrakeley",1
"circulating","circulating",1
"cld","cld",1
"climatechange","climatechange",1
"clinical","clinical",1
"clinicians","clinicians",1
"cnet","cnet",1
"cnn","cnn",1
"cocacola","cocacola",1
"colaboración","colaboración",1
"cold","cold",1
"colleeninlondon","colleeninlondon",1
"college","college",1
"coming","coming",1
"cominggotta","cominggotta",1
"commercial","commercial",1
"common","common",1
"communities","communities",1
"comparison","comparison",1
"component","component",1
"connectivity","connectivity",1
"consejos","consejos",1
"considers","considers",1
"consumer","consumer",1
"continue","continue",1
"continues","continues",1
"contributes","contributes",1
"contributions","contributions",1
"contro","contro",1
"contrôler","contrôler",1
"controllable","controllable",1
"controlled","controlled",1
"coro","coro",1
"correction","correction",1
"correlates","correlates",1
"corridor","corridor",1
"cosa","cosa",1
"costofinaction","costofinaction",1
"couldnt","couldnt",1
"counsel","counsel",1
"cracked","cracked",1
"ctrl","ctrl",1
"cui","cui",1
"cure","cure",1
"cuts","cuts",1
"daarbij","daarbij",1
"dat","dat",1
"dayoff","dayoff",1
"deadly","deadly",1
"debating","debating",1
"decr","decr",1
"decreasing","decreasing",1
"dedicando","dedicando",1
"defining","defining",1
"del","del",1
"dentpressshop","dentpressshop",1
"des","des",1
"desde","desde",1
"detected","detected",1
"developing","developing",1
"developmentamprefinement","developmentamprefinement",1
"deveximpact","deveximpact",1
"diagnosis","diagnosis",1
"diarrhea","diarrhea",1
"died","died",1
"digital","digital",1
"dihydroartemisininpiperaquine","dihydroartemisininpiperaquine",1
"directed","directed",1
"distributed","distributed",1
"distubution","distubution",1
"diversity","diversity",1
"djdleather","djdleather",1
"doctorrhonda","doctorrhonda",1
"doden","doden",1
"dollar","dollar",1
"domestically","domestically",1
"donates","donates",1
"donation","donation",1
"done","done",1
"donors","donors",1
"dos","dos",1
"dreams","dreams",1
"dress","dress",1
"drfriedencdcus","drfriedencdcus",1
"drink","drink",1
"drive","drive",1
"drugdesign","drugdesign",1
"drugdevelopment","drugdevelopment",1
"drugresistant","drugresistant",1
"dukeghi","dukeghi",1
"dvlpd","dvlpd",1
"dybul","dybul",1
"echt","echt",1
"economics","economics",1
"economies","economies",1
"edition","edition",1
"een","een",1
"efforts","efforts",1
"eighth","eighth",1
"elk","elk",1
"ellis","ellis",1
"emergencies","emergencies",1
"ending","ending",1
"endpovertynow","endpovertynow",1
"entire","entire",1
"environmental","environmental",1
"epidemia","epidemia",1
"epsalud","epsalud",1
"eradicating","eradicating",1
"eradication","eradication",1
"eritreaau","eritreaau",1
"error","error",1
"estimating","estimating",1
"ethiopia","ethiopia",1
"everydayhealth","everydayhealth",1
"exclusive","exclusive",1
"explaining","explaining",1
"explore","explore",1
"exposure","exposure",1
"extranjero","extranjero",1
"faces","faces",1
"factors","factors",1
"fair","fair",1
"falciparum","falciparum",1
"fallen","fallen",1
"fantastic","fantastic",1
"fanvictoria","fanvictoria",1
"fast","fast",1
"fatal","fatal",1
"fault","fault",1
"fayohi","fayohi",1
"fedeciegos","fedeciegos",1
"feeling","feeling",1
"fighter","fighter",1
"films","films",1
"finance","finance",1
"financing","financing",1
"finddiagnostics","finddiagnostics",1
"finding","finding",1
"flak","flak",1
"flatlines","flatlines",1
"focusing","focusing",1
"fogartynih","fogartynih",1
"forces","forces",1
"foreign","foreign",1
"forget","forget",1
"form","form",1
"framework","framework",1
"frannycrawford","frannycrawford",1
"freq","freq",1
"freyafowkes","freyafowkes",1
"frm","frm",1
"fuck","fuck",1
"fully","fully",1
"fundraising","fundraising",1
"funds","funds",1
"funeraria","funeraria",1
"gala","gala",1
"generation","generation",1
"gente","gente",1
"geographic","geographic",1
"georgetown","georgetown",1
"gezondheid","gezondheid",1
"ghmatters","ghmatters",1
"giftsofcompassion","giftsofcompassion",1
"giovanni","giovanni",1
"glasgow","glasgow",1
"glaxo","glaxo",1
"globaldev","globaldev",1
"globalfundnews","globalfundnews",1
"globally","globally",1
"goede","goede",1
"going","going",1
"goodampco","goodampco",1
"gorda","gorda",1
"gotta","gotta",1
"govts","govts",1
"grammarnazistrikes","grammarnazistrikes",1
"great","great",1
"groups","groups",1
"gualerey","gualerey",1
"guidance","guidance",1
"hacer","hacer",1
"hago","hago",1
"halve","halve",1
"han","han",1
"hand","hand",1
"handbook","handbook",1
"haohaoreportwho","haohaoreportwho",1
"happy","happy",1
"harvardhsphvigilance","harvardhsphvigilance",1
"hastalasbolas","hastalasbolas",1
"hazyview","hazyview",1
"heading","heading",1
"headlines","headlines",1
"heads","heads",1
"hear","hear",1
"helpful","helpful",1
"hereiamcampaign","hereiamcampaign",1
"hermanas","hermanas",1
"heroin","heroin",1
"het","het",1
"hippocrates","hippocrates",1
"hippocratesm","hippocratesm",1
"historic","historic",1
"hmm","hmm",1
"hoffman","hoffman",1
"home","home",1
"homeless","homeless",1
"honjohnbaird","honjohnbaird",1
"honored","honored",1
"hopes","hopes",1
"hormones","hormones",1
"horror","horror",1
"however","however",1
"hrppldh","hrppldh",1
"httpstcobfpqsu","httpstcobfpqsu",1
"httpstcocsyphzzhw","httpstcocsyphzzhw",1
"httpstcondrlkn","httpstcondrlkn",1
"httpstcoxpbulnzuo","httpstcoxpbulnzuo",1
"httptcoaayofgtzu","httptcoaayofgtzu",1
"httptcoaceviwgq","httptcoaceviwgq",1
"httptcoaelo","httptcoaelo",1
"httptcoaeloscohf","httptcoaeloscohf",1
"httptcoajuglqrqm","httptcoajuglqrqm",1
"httptcoaltswnb","httptcoaltswnb",1
"httptcoasxcwo","httptcoasxcwo",1
"httptcoaszuejbivh","httptcoaszuejbivh",1
"httptcoauhozxfzoz","httptcoauhozxfzoz",1
"httptcoauxfzkw","httptcoauxfzkw",1
"httptcoavwxzcsueq","httptcoavwxzcsueq",1
"httptcoawjhuixv","httptcoawjhuixv",1
"httptcoayllpmhe","httptcoayllpmhe",1
"httptcobbsepzz","httptcobbsepzz",1
"httptcobcniu","httptcobcniu",1
"httptcobcniuihje","httptcobcniuihje",1
"httptcobcvde","httptcobcvde",1
"httptcobezecwmw","httptcobezecwmw",1
"httptcobkeugwmr","httptcobkeugwmr",1
"httptcobkgjanxs","httptcobkgjanxs",1
"httptcobkyroa","httptcobkyroa",1
"httptcobmgrkmnj","httptcobmgrkmnj",1
"httptcobmwrocr","httptcobmwrocr",1
"httptcobosfogck","httptcobosfogck",1
"httptcobqagsobi","httptcobqagsobi",1
"httptcobyfjgilpmanaid","httptcobyfjgilpmanaid",1
"httptcobyyhejhr","httptcobyyhejhr",1
"httptcobzsmthey","httptcobzsmthey",1
"httptcoc","httptcoc",1
"httptcoccrtvrus","httptcoccrtvrus",1
"httptcocdqnpjxe","httptcocdqnpjxe",1
"httptcocdrzwepyn","httptcocdrzwepyn",1
"httptcocinxcvsvu","httptcocinxcvsvu",1
"httptcoclkqfmsw","httptcoclkqfmsw",1
"httptcocnuizofcre","httptcocnuizofcre",1
"httptcocpoibtogj","httptcocpoibtogj",1
"httptcocpvhafqqc","httptcocpvhafqqc",1
"httptcocpyjuxhjb","httptcocpyjuxhjb",1
"httptcocqyeovxp","httptcocqyeovxp",1
"httptcocxkugabwp","httptcocxkugabwp",1
"httptcodkiqo","httptcodkiqo",1
"httptcodqeddcgxm","httptcodqeddcgxm",1
"httptcodsesbhilr","httptcodsesbhilr",1
"httptcodzqealy","httptcodzqealy",1
"httptcodzxqsee","httptcodzxqsee",1
"httptcoebwduby","httptcoebwduby",1
"httptcoejzimig","httptcoejzimig",1
"httptcoemjtxjev","httptcoemjtxjev",1
"httptcoezcwyqgk","httptcoezcwyqgk",1
"httptcofaooteiwj","httptcofaooteiwj",1
"httptcofbxfycrqdy","httptcofbxfycrqdy",1
"httptcoffkgsovk","httptcoffkgsovk",1
"httptcofgkwtrm","httptcofgkwtrm",1
"httptcofidyxzzwj","httptcofidyxzzwj",1
"httptcofjuxmwjm","httptcofjuxmwjm",1
"httptcofkplbbjpx","httptcofkplbbjpx",1
"httptcofsqnzoc","httptcofsqnzoc",1
"httptcog","httptcog",1
"httptcogclfoks","httptcogclfoks",1
"httptcogeghdhqgj","httptcogeghdhqgj",1
"httptcogigsmsvks","httptcogigsmsvks",1
"httptcogjnqufxgj","httptcogjnqufxgj",1
"httptcogjugiwmi","httptcogjugiwmi",1
"httptcoglxavh","httptcoglxavh",1
"httptcoglyvadgvhk","httptcoglyvadgvhk",1
"httptcogqywsqxk","httptcogqywsqxk",1
"httptcogtfyjwp","httptcogtfyjwp",1
"httptcogtyjumylc","httptcogtyjumylc",1
"httptcogx","httptcogx",1
"httptcogxsokaixvg","httptcogxsokaixvg",1
"httptcogzcsceqjs","httptcogzcsceqjs",1
"httptcohaexrpm","httptcohaexrpm",1
"httptcohapqpqhki","httptcohapqpqhki",1
"httptcohcdkqgdge","httptcohcdkqgdge",1
"httptcohglldh","httptcohglldh",1
"httptcohnavbalke","httptcohnavbalke",1
"httptcohpgmyemv","httptcohpgmyemv",1
"httptcohqqjhiihz","httptcohqqjhiihz",1
"httptcohrquucnvpu","httptcohrquucnvpu",1
"httptcohvfmrbtzx","httptcohvfmrbtzx",1
"httptcohyzwnxjhq","httptcohyzwnxjhq",1
"httptcoiacqssxrz","httptcoiacqssxrz",1
"httptcoibsplhrpj","httptcoibsplhrpj",1
"httptcoijnbiwvt","httptcoijnbiwvt",1
"httptcoikwtpywnz","httptcoikwtpywnz",1
"httptcoinpzjibp","httptcoinpzjibp",1
"httptcoiobutbqh","httptcoiobutbqh",1
"httptcoipbrxnfuyz","httptcoipbrxnfuyz",1
"httptcoipjetfkya","httptcoipjetfkya",1
"httptcoipnhsdum","httptcoipnhsdum",1
"httptcoiqseiuax","httptcoiqseiuax",1
"httptcoitzlggs","httptcoitzlggs",1
"httptcoiumbc","httptcoiumbc",1
"httptcoivv","httptcoivv",1
"httptcoizewfzcm","httptcoizewfzcm",1
"httptcoiztdru","httptcoiztdru",1
"httptcojabihatdw","httptcojabihatdw",1
"httptcojkzlrtdkqu","httptcojkzlrtdkqu",1
"httptcojmtploxb","httptcojmtploxb",1
"httptcojnfqrzue","httptcojnfqrzue",1
"httptcojodwkgnl","httptcojodwkgnl",1
"httptcojsyhvqvkz","httptcojsyhvqvkz",1
"httptcojuvdneoojg","httptcojuvdneoojg",1
"httptcojxrknvztqf","httptcojxrknvztqf",1
"httptcokcbyhuthrx","httptcokcbyhuthrx",1
"httptcokcueqtr","httptcokcueqtr",1
"httptcoketucozhd","httptcoketucozhd",1
"httptcokfkktvuj","httptcokfkktvuj",1
"httptcokkzrfkdj","httptcokkzrfkdj",1
"httptcoknsjzmhmqs","httptcoknsjzmhmqs",1
"httptcokpclifqirg","httptcokpclifqirg",1
"httptcokqqxbogpb","httptcokqqxbogpb",1
"httptcoksdfivid","httptcoksdfivid",1
"httptcokvxsqutzwv","httptcokvxsqutzwv",1
"httptcokxdvtvobpp","httptcokxdvtvobpp",1
"httptcokxrsvso","httptcokxrsvso",1
"httptcola","httptcola",1
"httptcolalxlvnmh","httptcolalxlvnmh",1
"httptcolfjnom","httptcolfjnom",1
"httptcoliqvpamn","httptcoliqvpamn",1
"httptcoljvwynpe","httptcoljvwynpe",1
"httptcollbbybdwr","httptcollbbybdwr",1
"httptcolljvtlwyll","httptcolljvtlwyll",1
"httptcolwpqevmbm","httptcolwpqevmbm",1
"httptcolwvaalpop","httptcolwvaalpop",1
"httptcolzmttcp","httptcolzmttcp",1
"httptcolzvkx","httptcolzvkx",1
"httptcomawsftbyd","httptcomawsftbyd",1
"httptcomblnnwmni","httptcomblnnwmni",1
"httptcomegeyfpf","httptcomegeyfpf",1
"httptcomfavlrhu","httptcomfavlrhu",1
"httptcommkdzyfnkq","httptcommkdzyfnkq",1
"httptcomodbnumbn","httptcomodbnumbn",1
"httptcomozrcljd","httptcomozrcljd",1
"httptcomretgfclo","httptcomretgfclo",1
"httptcomsvkisfr","httptcomsvkisfr",1
"httptcomtdmitnsl","httptcomtdmitnsl",1
"httptcomuvqbgqnk","httptcomuvqbgqnk",1
"httptcomvraqqx","httptcomvraqqx",1
"httptcomvypxailkt","httptcomvypxailkt",1
"httptconhgyqnxhia","httptconhgyqnxhia",1
"httptconsvybqb","httptconsvybqb",1
"httptconvoauxla","httptconvoauxla",1
"httptconxfnechjk","httptconxfnechjk",1
"httptconxqojgxuy","httptconxqojgxuy",1
"httptcooakfzppqd","httptcooakfzppqd",1
"httptcoocglrkkut","httptcoocglrkkut",1
"httptcoocwlk","httptcoocwlk",1
"httptcoodnststp","httptcoodnststp",1
"httptcooejklczf","httptcooejklczf",1
"httptcoofsceeqyq","httptcoofsceeqyq",1
"httptcookdorrfrq","httptcookdorrfrq",1
"httptcoonjnfzjyy","httptcoonjnfzjyy",1
"httptcoontnatoow","httptcoontnatoow",1
"httptcooqcmlcmmf","httptcooqcmlcmmf",1
"httptcooqexdzwf","httptcooqexdzwf",1
"httptcooskyjspos","httptcooskyjspos",1
"httptcooumompomje","httptcooumompomje",1
"httptcoovipjbsxnl","httptcoovipjbsxnl",1
"httptcoowdyfcvd","httptcoowdyfcvd",1
"httptcoozuwecbhmr","httptcoozuwecbhmr",1
"httptcopbpglao","httptcopbpglao",1
"httptcopldqibkta","httptcopldqibkta",1
"httptcopneqv","httptcopneqv",1
"httptcopnzpdbv","httptcopnzpdbv",1
"httptcoprvbxkmc","httptcoprvbxkmc",1
"httptcoptymkckcc","httptcoptymkckcc",1
"httptcopuxcwzwbj","httptcopuxcwzwbj",1
"httptcopvagsfpfb","httptcopvagsfpfb",1
"httptcopwllbst","httptcopwllbst",1
"httptcoqavfackyjw","httptcoqavfackyjw",1
"httptcoqfjzddfdc","httptcoqfjzddfdc",1
"httptcoqjdploxn","httptcoqjdploxn",1
"httptcoqlrmhmfffv","httptcoqlrmhmfffv",1
"httptcoqspxwihh","httptcoqspxwihh",1
"httptcoqvaptpk","httptcoqvaptpk",1
"httptcoqxzvouhzdi","httptcoqxzvouhzdi",1
"httptcoreglujkoe","httptcoreglujkoe",1
"httptcorfeuzrtzl","httptcorfeuzrtzl",1
"httptcorhwxmya","httptcorhwxmya",1
"httptcorkajhcgo","httptcorkajhcgo",1
"httptcorpenywz","httptcorpenywz",1
"httptcorqpysdrp","httptcorqpysdrp",1
"httptcortvpprkpw","httptcortvpprkpw",1
"httptcorxyvbujkr","httptcorxyvbujkr",1
"httptcorycujlz","httptcorycujlz",1
"httptcorzntmss","httptcorzntmss",1
"httptcorzonnect","httptcorzonnect",1
"httptcorzzxwmkue","httptcorzzxwmkue",1
"httptcosbtlcoxxc","httptcosbtlcoxxc",1
"httptcosdfhxmzq","httptcosdfhxmzq",1
"httptcoshidgxmvp","httptcoshidgxmvp",1
"httptcosikyrwpo","httptcosikyrwpo",1
"httptcosjbillvus","httptcosjbillvus",1
"httptcoskabxvfc","httptcoskabxvfc",1
"httptcoslamhcm","httptcoslamhcm",1
"httptcoslekalwbx","httptcoslekalwbx",1
"httptcoslryweoff","httptcoslryweoff",1
"httptcosmspiyok","httptcosmspiyok",1
"httptcosolcolf","httptcosolcolf",1
"httptcosonvluiivr","httptcosonvluiivr",1
"httptcosrhmzpdg","httptcosrhmzpdg",1
"httptcostuttny","httptcostuttny",1
"httptcoswntegzav","httptcoswntegzav",1
"httptcosxusgz","httptcosxusgz",1
"httptcoszznrga","httptcoszznrga",1
"httptcotcifyvajq","httptcotcifyvajq",1
"httptcotjsldgip","httptcotjsldgip",1
"httptcotmojbfigfb","httptcotmojbfigfb",1
"httptcotondxgdzq","httptcotondxgdzq",1
"httptcotoroayx","httptcotoroayx",1
"httptcotoroayxuu","httptcotoroayxuu",1
"httptcotqfwstzoxj","httptcotqfwstzoxj",1
"httptcotqjanepql","httptcotqjanepql",1
"httptcottznvgbam","httptcottznvgbam",1
"httptcotvcokyquwg","httptcotvcokyquwg",1
"httptcotvmggnkm","httptcotvmggnkm",1
"httptcotvtifphh","httptcotvtifphh",1
"httptcoudfzci","httptcoudfzci",1
"httptcouenndyxeq","httptcouenndyxeq",1
"httptcouhhiree","httptcouhhiree",1
"httptcouhuelhkmts","httptcouhuelhkmts",1
"httptcoujcdhpf","httptcoujcdhpf",1
"httptcoukafwqnu","httptcoukafwqnu",1
"httptcoumpsttiuoy","httptcoumpsttiuoy",1
"httptcourbkgdjep","httptcourbkgdjep",1
"httptcouyvczrrt","httptcouyvczrrt",1
"httptcovccxuljkb","httptcovccxuljkb",1
"httptcovcxsyezu","httptcovcxsyezu",1
"httptcoviheqsj","httptcoviheqsj",1
"httptcovkvswip","httptcovkvswip",1
"httptcovmcivbuj","httptcovmcivbuj",1
"httptcovodbrrupdo","httptcovodbrrupdo",1
"httptcovoilqlbdoc","httptcovoilqlbdoc",1
"httptcovyoorimbc","httptcovyoorimbc",1
"httptcovyreyrfm","httptcovyreyrfm",1
"httptcovzqqgrm","httptcovzqqgrm",1
"httptcowalfdjixq","httptcowalfdjixq",1
"httptcowfkaiil","httptcowfkaiil",1
"httptcowhaufjdn","httptcowhaufjdn",1
"httptcowjerdlzkk","httptcowjerdlzkk",1
"httptcowjjdrhh","httptcowjjdrhh",1
"httptcowjtyqjxeq","httptcowjtyqjxeq",1
"httptcowkqznoyuqc","httptcowkqznoyuqc",1
"httptcowmqvgym","httptcowmqvgym",1
"httptcowndgdbk","httptcowndgdbk",1
"httptcowuzcb","httptcowuzcb",1
"httptcowuzcbfrx","httptcowuzcbfrx",1
"httptcowydfccc","httptcowydfccc",1
"httptcowzgeswpmp","httptcowzgeswpmp",1
"httptcoxavervxzg","httptcoxavervxzg",1
"httptcoxbprzobytt","httptcoxbprzobytt",1
"httptcoxeurkf","httptcoxeurkf",1
"httptcoxhckjzkri","httptcoxhckjzkri",1
"httptcoxkwnhgrp","httptcoxkwnhgrp",1
"httptcoxojmfo","httptcoxojmfo",1
"httptcoxtccwpfeva","httptcoxtccwpfeva",1
"httptcoxtzzrhqqcn","httptcoxtzzrhqqcn",1
"httptcoygiet","httptcoygiet",1
"httptcoyguolwhsf","httptcoyguolwhsf",1
"httptcoyiksrgrd","httptcoyiksrgrd",1
"httptcoyiqrwsc","httptcoyiqrwsc",1
"httptcoyirloukndu","httptcoyirloukndu",1
"httptcoykhbqcaa","httptcoykhbqcaa",1
"httptcoypvlbpaj","httptcoypvlbpaj",1
"httptcoyxwzjtp","httptcoyxwzjtp",1
"httptcoyzovgtf","httptcoyzovgtf",1
"httptcozazbsapok","httptcozazbsapok",1
"httptcozbztgbura","httptcozbztgbura",1
"httptcozcfqbdsuft","httptcozcfqbdsuft",1
"httptcozenhewlsa","httptcozenhewlsa",1
"httptcozhhpyr","httptcozhhpyr",1
"httptcozhzure","httptcozhzure",1
"httptcozjezyd","httptcozjezyd",1
"httptcoznwweaknm","httptcoznwweaknm",1
"httptcozqomqpi","httptcozqomqpi",1
"httptcozxfyfhzv","httptcozxfyfhzv",1
"huffpostimpact","huffpostimpact",1
"huge","huge",1
"humanitarian","humanitarian",1
"humans","humans",1
"hysterical","hysterical",1
"ictmagazine","ictmagazine",1
"identifies","identifies",1
"igortoronyi","igortoronyi",1
"iii","iii",1
"immune","immune",1
"immunizationhealth","immunizationhealth",1
"impacts","impacts",1
"importance","importance",1
"important","important",1
"improvements","improvements",1
"indonesia","indonesia",1
"infant","infant",1
"infection","infection",1
"infections","infections",1
"informed","informed",1
"infusionnurse","infusionnurse",1
"init","init",1
"innovative","innovative",1
"insectary","insectary",1
"insects","insects",1
"inseparable","inseparable",1
"insights","insights",1
"inspiring","inspiring",1
"institutions","institutions",1
"integradora","integradora",1
"invention","invention",1
"investigación","investigación",1
"irj","irj",1
"irs","irs",1
"isglobalorg","isglobalorg",1
"italian","italian",1
"itn","itn",1
"ivchat","ivchat",1
"jbiolchem","jbiolchem",1
"jeadranmalagon","jeadranmalagon",1
"jenllittle","jenllittle",1
"jordan","jordan",1
"june","june",1
"jyangstar","jyangstar",1
"keep","keep",1
"kenyausing","kenyausing",1
"kids","kids",1
"killers","killers",1
"killmosquito","killmosquito",1
"kinderen","kinderen",1
"knew","knew",1
"knowlesi","knowlesi",1
"komen","komen",1
"korea","korea",1
"kwesiptp","kwesiptp",1
"laburar","laburar",1
"lancisi","lancisi",1
"largely","largely",1
"laughing","laughing",1
"launched","launched",1
"leaders","leaders",1
"learning","learning",1
"leedsmet","leedsmet",1
"lesleywoodphoto","lesleywoodphoto",1
"let","let",1
"lets","lets",1
"létude","létude",1
"list","list",1
"listen","listen",1
"livecast","livecast",1
"living","living",1
"localneed","localneed",1
"lol","lol",1
"looking","looking",1
"love","love",1
"lowveldmedia","lowveldmedia",1
"lshtmimpact","lshtmimpact",1
"lshtmlibrary","lshtmlibrary",1
"lunghealth","lunghealth",1
"main","main",1
"majority","majority",1
"malaleishdigest","malaleishdigest",1
"malariaelimination","malariaelimination",1
"malariajournal","malariajournal",1
"malariaprevention","malariaprevention",1
"malariaworld","malariaworld",1
"man","man",1
"mantaray","mantaray",1
"many","many",1
"mariakiwanuka","mariakiwanuka",1
"mark","mark",1
"market","market",1
"marketmalaria","marketmalaria",1
"más","más",1
"mass","mass",1
"matemática","matemática",1
"mayor","mayor",1
"mckenzie","mckenzie",1
"meddling","meddling",1
"media","media",1
"medicines","medicines",1
"mefloquine","mefloquine",1
"mejor","mejor",1
"members","members",1
"menos","menos",1
"mesamalaria","mesamalaria",1
"meses","meses",1
"message","message",1
"mhealthalliance","mhealthalliance",1
"milhealth","milhealth",1
"miljoen","miljoen",1
"mimconf","mimconf",1
"minister","minister",1
"ministre","ministre",1
"mishandling","mishandling",1
"misión","misión",1
"mnttropdisease","mnttropdisease",1
"modeling","modeling",1
"moet","moet",1
"mossie","mossie",1
"mossiesongs","mossiesongs",1
"mother","mother",1
"moustique","moustique",1
"mshhealthimpact","mshhealthimpact",1
"muertos","muertos",1
"multisectoral","multisectoral",1
"murphypalmer","murphypalmer",1
"nafdac","nafdac",1
"nanakrysyks","nanakrysyks",1
"nancylindborg","nancylindborg",1
"needs","needs",1
"neglected","neglected",1
"netoneverybed","netoneverybed",1
"newshour","newshour",1
"nile","nile",1
"nilimajumder","nilimajumder",1
"noticias","noticias",1
"notricksjusttreats","notricksjusttreats",1
"novartis","novartis",1
"ntds","ntds",1
"número","número",1
"nursecom","nursecom",1
"nutri","nutri",1
"nutrition","nutrition",1
"objectives","objectives",1
"october","october",1
"offered","offered",1
"offers","offers",1
"oficial","oficial",1
"onder","onder",1
"online","online",1
"onthisday","onthisday",1
"opened","opened",1
"opensource","opensource",1
"oplossing","oplossing",1
"opmalaria","opmalaria",1
"option","option",1
"orj","orj",1
"ottawacitizen","ottawacitizen",1
"overview","overview",1
"pacific","pacific",1
"pahowho","pahowho",1
"palomo","palomo",1
"part","part",1
"particularly","particularly",1
"partnership","partnership",1
"passport","passport",1
"passporthealth","passporthealth",1
"patch","patch",1
"pathogenesis","pathogenesis",1
"peacekeepers","peacekeepers",1
"peopledrfriedencdc","peopledrfriedencdc",1
"per","per",1
"performance","performance",1
"pero","pero",1
"person","person",1
"personnel","personnel",1
"personnes","personnes",1
"pfac","pfac",1
"pharmacies","pharmacies",1
"pharmas","pharmas",1
"phospholipid","phospholipid",1
"physnsstwatch","physnsstwatch",1
"pilgrimafrica","pilgrimafrica",1
"pipeline","pipeline",1
"pittsburgh","pittsburgh",1
"place","place",1
"planeride","planeride",1
"planwe","planwe",1
"plates","plates",1
"pledge","pledge",1
"plus","plus",1
"pneumonia","pneumonia",1
"populations","populations",1
"por","por",1
"poses","poses",1
"posters","posters",1
"pot","pot",1
"pourrait","pourrait",1
"precautionhttptcozorgniqnc","precautionhttptcozorgniqnc",1
"precautions","precautions",1
"precautionsget","precautionsget",1
"prescribed","prescribed",1
"presentation","presentation",1
"preso","preso",1
"primaquine","primaquine",1
"prioritizing","prioritizing",1
"private","private",1
"probleem","probleem",1
"proposals","proposals",1
"prosperity","prosperity",1
"protection","protection",1
"protein","protein",1
"proud","proud",1
"pudimos","pudimos",1
"questa","questa",1
"question","question",1
"quinnine","quinnine",1
"radical","radical",1
"rainy","rainy",1
"raise","raise",1
"raising","raising",1
"rate","rate",1
"rebound","rebound",1
"record","record",1
"recorded","recorded",1
"reducing","reducing",1
"reduction","reduction",1
"regions","regions",1
"registra","registra",1
"registrado","registrado",1
"reject","reject",1
"related","related",1
"reliability","reliability",1
"remain","remain",1
"reminder","reminder",1
"renewrite","renewrite",1
"repertoire","repertoire",1
"represent","represent",1
"requires","requires",1
"resultscda","resultscda",1
"review","review",1
"rickmercer","rickmercer",1
"right","right",1
"rodent","rodent",1
"rolemodel","rolemodel",1
"roles","roles",1
"rollbackma","rollbackma",1
"roundup","roundup",1
"rozhobley","rozhobley",1
"rtcdtransform","rtcdtransform",1
"rtdrfriedencdc","rtdrfriedencdc",1
"rtundp","rtundp",1
"rtusaid","rtusaid",1
"rusingaisland","rusingaisland",1
"rwanda","rwanda",1
"rxwiki","rxwiki",1
"ryanlebreton","ryanlebreton",1
"safe","safe",1
"said","said",1
"sailinsomnia","sailinsomnia",1
"sales","sales",1
"samples","samples",1
"santé","santé",1
"scale","scale",1
"scenario","scenario",1
"scidevnetssa","scidevnetssa",1
"scmpnews","scmpnews",1
"scoop","scoop",1
"scoopit","scoopit",1
"season","season",1
"second","second",1
"sectors","sectors",1
"seminar","seminar",1
"senbobcasey","senbobcasey",1
"sense","sense",1
"serían","serían",1
"several","several",1
"sexuelles","sexuelles",1
"shah","shah",1
"shes","shes",1
"shocking","shocking",1
"sideeffects","sideeffects",1
"signed","signed",1
"sikaria","sikaria",1
"simpler","simpler",1
"situation","situation",1
"skepticism","skepticism",1
"slowly","slowly",1
"smh","smh",1
"snapchat","snapchat",1
"solarmal","solarmal",1
"soldiers","soldiers",1
"sólo","sólo",1
"solution","solution",1
"sonia","sonia",1
"soon","soon",1
"southeast","southeast",1
"spin","spin",1
"spot","spot",1
"spreading","spreading",1
"starts","starts",1
"stem","stem",1
"step","step",1
"steps","steps",1
"stepvaessen","stepvaessen",1
"stesfamariam","stesfamariam",1
"sto","sto",1
"story","story",1
"strana","strana",1
"strenghening","strenghening",1
"strombodotcom","strombodotcom",1
"student","student",1
"subtropical","subtropical",1
"successful","successful",1
"sunpowerstromboclever","sunpowerstromboclever",1
"surge","surge",1
"surveys","surveys",1
"symposium","symposium",1
"symptoms","symptoms",1
"synergistic","synergistic",1
"synthesis","synthesis",1
"system","system",1
"taken","taken",1
"talk","talk",1
"tan","tan",1
"taxa","taxa",1
"taxes","taxes",1
"taxpayer","taxpayer",1
"tegen","tegen",1
"tengo","tengo",1
"terminar","terminar",1
"thailand","thailand",1
"thanks","thanks",1
"theaidsalliance","theaidsalliance",1
"theyre","theyre",1
"think","think",1
"thinking","thinking",1
"tidbits","tidbits",1
"tight","tight",1
"toca","toca",1
"traditionally","traditionally",1
"transfer","transfer",1
"travelling","travelling",1
"tremendous","tremendous",1
"triangleresults","triangleresults",1
"trick","trick",1
"trigger","trigger",1
"tropicalmedicine","tropicalmedicine",1
"tropmed","tropmed",1
"truth","truth",1
"ttwpkj","ttwpkj",1
"tue","tue",1
"tutaclaradehuevo","tutaclaradehuevo",1
"uberfacts","uberfacts",1
"ugandan","ugandan",1
"ugandas","ugandas",1
"ugcommonwealth","ugcommonwealth",1
"unaffected","unaffected",1
"unborn","unborn",1
"unday","unday",1
"understand","understand",1
"undesadspd","undesadspd",1
"unicefsa","unicefsa",1
"unicpretoria","unicpretoria",1
"unitedstates","unitedstates",1
"universal","universal",1
"unocha","unocha",1
"unr","unr",1
"unrightswire","unrightswire",1
"upon","upon",1
"urges","urges",1
"usaidprogress","usaidprogress",1
"vacation","vacation",1
"vaccin","vaccin",1
"vaccino","vaccino",1
"vacunas","vacunas",1
"vanguard","vanguard",1
"variation","variation",1
"vergescience","vergescience",1
"vergt","vergt",1
"viajar","viajar",1
"viernes","viernes",1
"vietnam","vietnam",1
"vineg","vineg",1
"vinegradova","vinegradova",1
"virus","virus",1
"vista","vista",1
"vivo","vivo",1
"volgende","volgende",1
"voor","voor",1
"voornamelijk","voornamelijk",1
"waar","waar",1
"waiting","waiting",1
"waren","waren",1
"warming","warming",1
"washingtonian","washingtonian",1
"watcgirl","watcgirl",1
"waterstep","waterstep",1
"way","way",1
"website","website",1
"weird","weird",1
"westin","westin",1
"westnile","westnile",1
"whats","whats",1
"whether","whether",1
"widely","widely",1
"widespread","widespread",1
"without","without",1
"wkhealth","wkhealth",1
"wld","wld",1
"wonder","wonder",1
"worker","worker",1
"workforces","workforces",1
"works","works",1
"world","world",1
"worldbank","worldbank",1
"worldwideinternet","worldwideinternet",1
"yearsmost","yearsmost",1
"yes","yes",1
"youtube","youtube",1
"yup","yup",1
